{"cameraMode":{"drawMode":0,"name":"Shaded","section":"Shading Mode"},"sceneLighting":true,"audioPlay":false,"sceneViewState":{"m_AlwaysRefresh":false,"showFog":true,"showSkybox":true,"showFlares":true,"showImageEffects":true,"showParticleSystems":true,"showVisualEffectGraphs":true,"m_FxEnabled":true},"in2DMode":false,"pivot":{"x":-7.977962970733643,"y":-1.8184013366699219,"z":-9.212152481079102},"rotation":{"x":-0.6596107482910156,"y":0.0038309169467538597,"z":-0.003361722221598029,"w":-0.7515954971313477},"size":28.503684997558595,"orthographic":false}