{"cameraMode":{"drawMode":0,"name":"Shaded","section":"Shading Mode"},"sceneLighting":true,"audioPlay":false,"sceneViewState":{"m_AlwaysRefresh":false,"showFog":true,"showSkybox":true,"showFlares":true,"showImageEffects":true,"showParticleSystems":true,"showVisualEffectGraphs":true,"m_FxEnabled":true},"in2DMode":false,"pivot":{"x":1.0347445011138917,"y":-0.016410695388913156,"z":1.5337696075439454},"rotation":{"x":-0.7172228693962097,"y":0.0014612030936405063,"z":-0.0015037300763651729,"w":-0.6968430280685425},"size":16.99158477783203,"orthographic":false}