{"cameraMode":{"drawMode":0,"name":"Shaded","section":"Shading Mode"},"sceneLighting":true,"audioPlay":false,"sceneViewState":{"m_AlwaysRefresh":false,"showFog":false,"showSkybox":false,"showFlares":false,"showImageEffects":true,"showParticleSystems":true,"showVisualEffectGraphs":true,"m_FxEnabled":true},"in2DMode":false,"pivot":{"x":0.3469981551170349,"y":1.0171713829040528,"z":0.004919782280921936},"rotation":{"x":-0.05726303160190582,"y":0.023056134581565858,"z":-0.001318659051321447,"w":-0.998073160648346},"size":0.8660253882408142,"orthographic":false}