{"cameraMode":{"drawMode":0,"name":"Shaded","section":"Shading Mode"},"sceneLighting":true,"audioPlay":false,"sceneViewState":{"m_AlwaysRefresh":false,"showFog":true,"showSkybox":true,"showFlares":true,"showImageEffects":true,"showParticleSystems":true,"showVisualEffectGraphs":true,"m_FxEnabled":true},"in2DMode":false,"pivot":{"x":-0.07913234829902649,"y":0.7720146179199219,"z":-0.04392290115356445},"rotation":{"x":-0.0038393225986510517,"y":0.926446259021759,"z":-0.3762896955013275,"w":-0.009449034929275513},"size":0.6911610960960388,"orthographic":false}