{"cameraMode":{"drawMode":0,"name":"Shaded","section":"Shading Mode"},"sceneLighting":true,"audioPlay":false,"sceneViewState":{"m_AlwaysRefresh":false,"showFog":false,"showSkybox":false,"showFlares":false,"showImageEffects":true,"showParticleSystems":true,"showVisualEffectGraphs":true,"m_FxEnabled":true},"in2DMode":false,"pivot":{"x":-0.0005664825439453125,"y":0.8154855370521545,"z":0.11107958853244782},"rotation":{"x":0.17626816034317017,"y":0.03542347997426987,"z":-0.006347636692225933,"w":0.9836868643760681},"size":1.0987454652786255,"orthographic":false}