{"cameraMode":{"drawMode":0,"name":"Shaded","section":"Shading Mode"},"sceneLighting":true,"audioPlay":false,"sceneViewState":{"m_AlwaysRefresh":false,"showFog":false,"showSkybox":false,"showFlares":false,"showImageEffects":true,"showParticleSystems":true,"showVisualEffectGraphs":true,"m_FxEnabled":true},"in2DMode":false,"pivot":{"x":13.559538841247559,"y":-0.1406230926513672,"z":2.335705041885376},"rotation":{"x":0.6454579830169678,"y":-0.24702401459217072,"z":0.23305900394916535,"w":0.6841463446617127},"size":2.9123647212982179,"orthographic":false}